<?xml version="1.0" encoding="UTF-8"?>
<project-private xmlns="http://www.netbeans.org/ns/project-private/1">
    <editor-bookmarks xmlns="http://www.netbeans.org/ns/editor-bookmarks/2" lastBookmarkId="0"/>
    <open-files xmlns="http://www.netbeans.org/ns/projectui-open-files/2">
        <group>
            <file>file:/home/alouvoul/NetBeansProjects/Buzz/src/buzz/QuestionCategory.java</file>
            <file>file:/home/alouvoul/NetBeansProjects/Buzz/src/buzz/BuzzApp.java</file>
            <file>file:/home/alouvoul/NetBeansProjects/Buzz/src/buzz/Buzz.java</file>
            <file>file:/home/alouvoul/NetBeansProjects/Buzz/src/buzz/CorrectAnswer.java</file>
            <file>file:/home/alouvoul/NetBeansProjects/Buzz/src/buzz/Round.java</file>
        </group>
    </open-files>
</project-private>
